complaint_id,category,priority,reason,flag
PM-202401,Other,Standard,"Error during AI classification processing: 400 API key not valid. Please pass a valid API key. [reason: ""API_KEY_INVALID""
domain: ""googleapis.com""
metadata {
  key: ""service""
  value: ""generativelanguage.googleapis.com""
}
, locale: ""en-US""
message: ""API key not valid. Please pass a valid API key.""
]",NEEDS_REVIEW
PM-202402,Other,Standard,"Error during AI classification processing: 400 API key not valid. Please pass a valid API key. [reason: ""API_KEY_INVALID""
domain: ""googleapis.com""
metadata {
  key: ""service""
  value: ""generativelanguage.googleapis.com""
}
, locale: ""en-US""
message: ""API key not valid. Please pass a valid API key.""
]",NEEDS_REVIEW
PM-202406,Other,Standard,"Error during AI classification processing: 400 API key not valid. Please pass a valid API key. [reason: ""API_KEY_INVALID""
domain: ""googleapis.com""
metadata {
  key: ""service""
  value: ""generativelanguage.googleapis.com""
}
, locale: ""en-US""
message: ""API key not valid. Please pass a valid API key.""
]",NEEDS_REVIEW
PM-202408,Other,Standard,"Error during AI classification processing: 400 API key not valid. Please pass a valid API key. [reason: ""API_KEY_INVALID""
domain: ""googleapis.com""
metadata {
  key: ""service""
  value: ""generativelanguage.googleapis.com""
}
, locale: ""en-US""
message: ""API key not valid. Please pass a valid API key.""
]",NEEDS_REVIEW
PM-202410,Other,Standard,"Error during AI classification processing: 400 API key not valid. Please pass a valid API key. [reason: ""API_KEY_INVALID""
domain: ""googleapis.com""
metadata {
  key: ""service""
  value: ""generativelanguage.googleapis.com""
}
, locale: ""en-US""
message: ""API key not valid. Please pass a valid API key.""
]",NEEDS_REVIEW
PM-202411,Other,Standard,"Error during AI classification processing: 400 API key not valid. Please pass a valid API key. [reason: ""API_KEY_INVALID""
domain: ""googleapis.com""
metadata {
  key: ""service""
  value: ""generativelanguage.googleapis.com""
}
, locale: ""en-US""
message: ""API key not valid. Please pass a valid API key.""
]",NEEDS_REVIEW
PM-202413,Other,Standard,"Error during AI classification processing: 400 API key not valid. Please pass a valid API key. [reason: ""API_KEY_INVALID""
domain: ""googleapis.com""
metadata {
  key: ""service""
  value: ""generativelanguage.googleapis.com""
}
, locale: ""en-US""
message: ""API key not valid. Please pass a valid API key.""
]",NEEDS_REVIEW
PM-202418,Other,Standard,"Error during AI classification processing: 400 API key not valid. Please pass a valid API key. [reason: ""API_KEY_INVALID""
domain: ""googleapis.com""
metadata {
  key: ""service""
  value: ""generativelanguage.googleapis.com""
}
, locale: ""en-US""
message: ""API key not valid. Please pass a valid API key.""
]",NEEDS_REVIEW
PM-202419,Other,Standard,"Error during AI classification processing: 400 API key not valid. Please pass a valid API key. [reason: ""API_KEY_INVALID""
domain: ""googleapis.com""
metadata {
  key: ""service""
  value: ""generativelanguage.googleapis.com""
}
, locale: ""en-US""
message: ""API key not valid. Please pass a valid API key.""
]",NEEDS_REVIEW
PM-202420,Other,Standard,"Error during AI classification processing: 400 API key not valid. Please pass a valid API key. [reason: ""API_KEY_INVALID""
domain: ""googleapis.com""
metadata {
  key: ""service""
  value: ""generativelanguage.googleapis.com""
}
, locale: ""en-US""
message: ""API key not valid. Please pass a valid API key.""
]",NEEDS_REVIEW
PM-202427,Other,Standard,"Error during AI classification processing: 400 API key not valid. Please pass a valid API key. [reason: ""API_KEY_INVALID""
domain: ""googleapis.com""
metadata {
  key: ""service""
  value: ""generativelanguage.googleapis.com""
}
, locale: ""en-US""
message: ""API key not valid. Please pass a valid API key.""
]",NEEDS_REVIEW
PM-202428,Other,Standard,"Error during AI classification processing: 400 API key not valid. Please pass a valid API key. [reason: ""API_KEY_INVALID""
domain: ""googleapis.com""
metadata {
  key: ""service""
  value: ""generativelanguage.googleapis.com""
}
, locale: ""en-US""
message: ""API key not valid. Please pass a valid API key.""
]",NEEDS_REVIEW
PM-202430,Other,Standard,"Error during AI classification processing: 400 API key not valid. Please pass a valid API key. [reason: ""API_KEY_INVALID""
domain: ""googleapis.com""
metadata {
  key: ""service""
  value: ""generativelanguage.googleapis.com""
}
, locale: ""en-US""
message: ""API key not valid. Please pass a valid API key.""
]",NEEDS_REVIEW
PM-202433,Other,Standard,"Error during AI classification processing: 400 API key not valid. Please pass a valid API key. [reason: ""API_KEY_INVALID""
domain: ""googleapis.com""
metadata {
  key: ""service""
  value: ""generativelanguage.googleapis.com""
}
, locale: ""en-US""
message: ""API key not valid. Please pass a valid API key.""
]",NEEDS_REVIEW
PM-202446,Other,Standard,"Error during AI classification processing: 400 API key not valid. Please pass a valid API key. [reason: ""API_KEY_INVALID""
domain: ""googleapis.com""
metadata {
  key: ""service""
  value: ""generativelanguage.googleapis.com""
}
, locale: ""en-US""
message: ""API key not valid. Please pass a valid API key.""
]",NEEDS_REVIEW
